<?xml version="1.0" encoding="UTF-8"?>
<beans xmlns="http://www.springframework.org/schema/beans"
       xmlns:xsi="http://www.w3.org/2001/XMLSchema-instance"
       xsi:schemaLocation="http://www.springframework.org/schema/beans http://www.springframework.org/schema/beans/spring-beans.xsd">

    <!--DataSource：使用Spring的数据源替换Mybatis的配置 c3p0 dhcp druid
    我们这里使用Spring提供的JDBC：org.springframework.jdbc.datasource.DriverManagerDataSource
    -->
    <bean id="dataSource" class="org.springframework.jdbc.datasource.DriverManagerDataSource">
        <property name="driverClassName" value="com.mysql.cj.jdbc.Driver"/>
        <property name="url" value="jdbc:mysql://localhost:3306/mybatis?useSSL=true&amp;useUnicode=true&amp;characterEncoding=utf8"/>
        <property name="username" value="root"/>
        <property name="password" value="140148"/>
    </bean>

    <!--sqlSessionFactory-->
    <bean id="sqlSessionFactory" class="org.mybatis.spring.SqlSessionFactoryBean">
        <property name="dataSource" ref="dataSource"/>
        <!--绑定Mybatis配置文件-->
        <property name="configLocation" value="classpath:mybatis-config.xml"/>
        <property name="mapperLocations" value="classpath:com/kuang/mapper/*.xml"/>
    </bean>

    <!--SqlSessionTemplate：就是我们使用的sqlSession-->
    <bean id="sqlSession" class="org.mybatis.spring.SqlSessionTemplate">
        <!--只能使用构造器注入sqlSessionFactory:因为没有set方法-->
        <constructor-arg index="0" ref="sqlSessionFactory"/>
    </bean>



</beans>