<?xml version="1.0" encoding="UTF-8"?>
<!--suppress ALL -->
<beans xmlns="http://www.springframework.org/schema/beans"
       xmlns:xsi="http://www.w3.org/2001/XMLSchema-instance"
       xmlns:tx="http://www.springframework.org/schema/tx" xmlns:aop="http://www.springframework.org/schema/aop"
       xsi:schemaLocation="http://www.springframework.org/schema/beans http://www.springframework.org/schema/beans/spring-beans.xsd
        http://www.springframework.org/schema/tx http://www.springframework.org/schema/tx/spring-tx.xsd http://www.springframework.org/schema/aop https://www.springframework.org/schema/aop/spring-aop.xsd">


    <!--DataSource：使用Spring的数据源替换Mybatis的配置 c3p0 dhcp druid
    我们这里使用Spring提供的JDBC：org.springframework.jdbc.datasource.DriverManagerDataSource
    -->
    <bean id="dataSource" class="org.springframework.jdbc.datasource.DriverManagerDataSource">
        <property name="driverClassName" value="com.mysql.cj.jdbc.Driver"/>
        <property name="url" value="jdbc:mysql://localhost:3306/mybatis?useSSL=true&amp;useUnicode=true&amp;characterEncoding=utf8"/>
        <property name="username" value="root"/>
        <property name="password" value="140148"/>
    </bean>

    <!--sqlSessionFactory-->
    <bean id="sqlSessionFactory" class="org.mybatis.spring.SqlSessionFactoryBean">
        <property name="dataSource" ref="dataSource"/>
        <!--绑定Mybatis配置文件-->
        <property name="configLocation" value="classpath:mybatis-config.xml"/>
        <property name="mapperLocations" value="classpath:com/kuang/mapper/*.xml"/>
    </bean>

    <!--SqlSessionTemplate：就是我们使用的sqlSession-->
    <bean id="sqlSession" class="org.mybatis.spring.SqlSessionTemplate">
        <!--只能使用构造器注入sqlSessionFactory:因为没有set方法-->
        <constructor-arg index="0" ref="sqlSessionFactory"/>
    </bean>

    <!--配置声明式事务-->
    <bean id="transactionManager" class="org.springframework.jdbc.datasource.DataSourceTransactionManager">
        <property name="dataSource" ref="dataSource"/>
    </bean>

    <!--结合AOP实现事务的织入-->
    <!--配置事务通知-->
    <tx:advice id="txadvice" transaction-manager="transactionManager">
        <!--给哪些方法配置事务-->
        <!--配置事务的传播特性：new propagation= -->
        <tx:attributes>
            <tx:method name="add" propagation="REQUIRED"/>
            <tx:method name="delete"/>
            <tx:method name="update"/>
            <tx:method name="query" read-only="true"/><!--只读-->
            <tx:method name="*"/>
        </tx:attributes>
    </tx:advice>

    <!--配置事务切入-->
    <aop:config>
        <aop:pointcut id="txPointCut" expression="execution(* com.kuang.mapper.*.*(..))"/>
        <aop:advisor advice-ref="txadvice" pointcut-ref="txPointCut"/>
    </aop:config>



</beans>